nome_datacenter;operadora;endereco;cep;link_datacenter
Data Center Marechal Rondon;Brazilian Army;R. da Independencia, 632 ;01524-000;https://www.datacentermap.com/brazil/sao-paulo/3rd-cta-sao-paulo-data-center/
Adentro DC Porto Alegre;ADENTRO DATA CENTER SOLUTIONS LTDA;Av. Bahia, 1258;90240-552;https://www.datacentermap.com/brazil/porto-alegre/adentro/
Algar Tech Uberlandia - Jaraguá;Algar Tech;Rua Janaúba, 145;38413-102;https://www.datacentermap.com/brazil/uberlandia/algar-tech-uberlandia/
Algar Tech Uberlandia - Granja Marileusa;Algar Tech;Av. Floriano Peixoto, 6500;38406-642;https://www.datacentermap.com/brazil/uberlandia/algar-tecnologia/
ODATA RJ01;ODATA, an Aligned Data Centers Company;Rod. Pres. Dutra, 4648;25565-350;https://www.datacentermap.com/brazil/rio-de-janeiro/aligned-rj-01/
ODATA SP01;ODATA, an Aligned Data Centers Company;39,2, Estr. dos Romeiros, 943;06513-001;https://www.datacentermap.com/brazil/sao-paulo/aligned-sp-01/
ODATA SP03;ODATA, an Aligned Data Centers Company;Alameda Araguacema, 187;06460-070;https://www.datacentermap.com/brazil/sao-paulo/aligned-sp-03/
AngoNAP Fortaleza;Angola Cables;Av. Trajano de Medeiros, 1851 - Vicente Pinzon;60182-186;https://www.datacentermap.com/brazil/fortaleza/angonap-fortaleza/
Armazem DC Brusque;Armazém Cloud;R. Atílio Battistoti, 199 - Azambuja;88354-120;https://www.datacentermap.com/brazil/blumenau/armazem-dc-brusque/
Armazem DC Joinville;Armazém Cloud;R. Dona Francisca, 8300 - Distrito Industrial Norte;89219-600;https://www.datacentermap.com/brazil/joinville/armazem-dc-joinville/
ASAP SP1;ASAP Telecom;Av. das Nações Unidas, 22540;04795000;https://www.datacentermap.com/brazil/sao-paulo/asap-sp1/
Ascenty - Campinas CPS1;Ascenty Data Centers;Avenida Pierre Simon de Laplace, 1211;13069-320;https://www.datacentermap.com/brazil/campinas/ascenty/
Ascenty - Hortolandia HTL4;Ascenty Data Centers;Rua Papa João Paulo II, 4;13185-252;https://www.datacentermap.com/brazil/campinas/ascenty-htl04/
Ascenty - Hortolandia HTL5;Ascenty Data Centers;Rua Papa João Paulo II, 4;13185-252;https://www.datacentermap.com/brazil/campinas/ascenty-htl05/
Ascenty - Jundiai JDI1;Ascenty Data Centers;Rua Presbítero Plínio Alves de Souza, 757;13212-181;https://www.datacentermap.com/brazil/sao-paulo/ascenty-jundiai1/
Ascenty - Jundiai JDI2;Ascenty Data Centers;Av. Beirute, 863;13212-181;https://www.datacentermap.com/brazil/sao-paulo/ascenty-jundiai2/
Ascenty - Sao Paulo SP5;Ascenty Data Centers;Avenida Roberto Pinto Sobrinho, 350;06268-120;https://www.datacentermap.com/brazil/sao-paulo/ascenty-sao-paulo-sp5/
Ascenty - Sao Paulo SP4;Ascenty Data Centers;Avenida Roberto Pinto Sobrinho, 350;06276-016;https://www.datacentermap.com/brazil/sao-paulo/ascenty-sp4/
Ascenty - Vinhedo VIN2;Ascenty Data Centers;Av. 2, 50, Quadra G1, Distrito Industrial Benedito Storani;13288-162;https://www.datacentermap.com/brazil/campinas/ascenty-vin02/
Sonda Ativas;Sonda S.A.;Agenério de Araújo st. , 20 Camargos;30140090;https://www.datacentermap.com/brazil/belo-horizonte/ativas-datacenter-sa/
Ascenty - Vinhedo VIN1;Ascenty Data Centers;Av. 2, 50, Quadra G1, Distrito Industrial Benedito Storani;13288-162;https://www.datacentermap.com/brazil/campinas/av-2-50-quadra-g1/
Ascenty - Rio de Janeiro RJ1;Ascenty Data Centers;Avenida Coronel Phidias Tavora, 513;21535-510;https://www.datacentermap.com/brazil/rio-de-janeiro/av-cel-phidias-távora-513-1/
Ascenty- Rio de Janeiro RJ2;Ascenty Data Centers;R. Mercúrio, 1736;21535-510;https://www.datacentermap.com/brazil/rio-de-janeiro/av-cel-phidias-távora-513-2/
Ascenty - Sao Paulo SP1;Ascenty Data Centers;Avenida Roberto Pinto Sobrinho, 350;06268-120;https://www.datacentermap.com/brazil/sao-paulo/av-roberto-pinto-sobrinho-350-1/
Ascenty - Sao Paulo SP2;Ascenty Data Centers;Avenida Roberto Pinto Sobrinho, 350;06268-120;https://www.datacentermap.com/brazil/sao-paulo/av-roberto-pinto-sobrinho-350-2/
Ascenty - Sao Paulo SP3;Ascenty Data Centers;Avenida Roberto Pinto Sobrinho, 350;06268-120;https://www.datacentermap.com/brazil/sao-paulo/av-roberto-pinto-sobrinho-350-3/
Avato Joinville;Ávato;Av. Santos Dumont, 935 - Santo Antônio;89223-002;https://www.datacentermap.com/brazil/joinville/avato-joinville/
B3 Data Center;B3 S.A. – Brasil, Bolsa, Balcão;R. Ricardo Prudente de Aquino, 85 - Res. Tambore III;06543-004;https://www.datacentermap.com/brazil/sao-paulo/b3-data-center/
BRDrive Data Center;BRDrive;R. Frederico Bortolaz, 971 - Panazzolo;89566-060;https://www.datacentermap.com/brazil/videira/brdrive-data-center/
BRDrive - Santa Catarina - VDA;BRDrive;Rua Frederico Bortolaz;89566060;https://www.datacentermap.com/brazil/videira/brdrive-sc-vda/
CDZNet Data Center;cdznet data center;R. Independência, 2472;15025-095;https://www.datacentermap.com/brazil/sao-paulo/cdznet-data-center/
Century CEM-DC01;Century Telecom LTDA;José Permínio da Silva st., 80;32341590;https://www.datacentermap.com/brazil/belo-horizonte/century-cem-dc01/
Cirion CUR1;Cirion;R. do Semeador, 350;81270;https://www.datacentermap.com/brazil/curitiba/cirion-cur1/
Cirion RIO2;Cirion;Av. Pedro II, 235;20941;https://www.datacentermap.com/brazil/rio-de-janeiro/cirion-rio2/
Claro Data Center LAPA;Claro;R. Aldo de Azevedo, 200 - Vila Madalena;05453-030;https://www.datacentermap.com/brazil/sao-paulo/claro-lapa/
ClickIP Datacenters;ClickIP Datacenters;Rua Presidente João Batista Figueiredo, 15;69058695;https://www.datacentermap.com/brazil/manaus/clickip-datacenters/
Novvacore Data Center;Novvacore;Rua Professor Filadelfo de Azevedo 712;04508011;https://www.datacentermap.com/brazil/sao-paulo/cma/
Connect Web Data Center;Connect Web;Av. das Nações Unidas, 12995;04578-000;https://www.datacentermap.com/brazil/sao-paulo/connect-web/
Constel Cascavel Centro;Constel Tecnologia;Rua Minas Gerais, 1932 - Centro;85812-030;https://www.datacentermap.com/brazil/cascavel/constel-tecnologia-minas/
Constel Cascavel Country;Constel Tecnologia;Rua Pará, 812 - Country;85813-060;https://www.datacentermap.com/brazil/cascavel/constel-tecnologia-para/
Contato Data Center;Contato Data Center;Rua Doutor Américo Cavalcante Rabello, 241;88901052;https://www.datacentermap.com/brazil/ararangu/contato-cloud/
Convex IDC Ribeirão Preto;Convex Internet Solutions;R. Bernardino de Campos, 1001;14015-130;https://www.datacentermap.com/brazil/ribeirao-preto/convex-idc-rpo/
COPE-P Brasilia;Telebras;St. de Habitações Individuais Sul;70200-001;https://www.datacentermap.com/brazil/brasilia/cope-p/
COPE-S Rio de Janeiro;Telebras;Rua Américo Goulart - Cacuia;21930-700;https://www.datacentermap.com/brazil/rio-de-janeiro/cope-s/
CWB-HN 01;Hosting Now;Rua Brasílio Itiberê 2217;80230050;https://www.datacentermap.com/brazil/curitiba/cwbhn-01/
Locaweb Data Center Itapaiuna;Locaweb S/A;Rua Itapaiuna, 2434;05707-001;https://www.datacentermap.com/brazil/sao-paulo/datacenter-locaweb-itapaiuna/
Locaweb Data Center JK;Locaweb S/A;Av. Presidente Juscelino Kubitscheck, 1830 1º Andar;04543-900;https://www.datacentermap.com/brazil/sao-paulo/datacenter-locaweb-jk/
Avato Santa Maria;Ávato;Av. Fernando Ferrari, 1280 - Nossa Sra. de Lourdes;97050-800;https://www.datacentermap.com/brazil/santa-maria/dc-coracao-do-rio-grande/
Ultranet Telecom DC Fortaleza;Ultranet Telecom;Av. Santos Dumont, 2122;60150-161;https://www.datacentermap.com/brazil/fortaleza/dc-ultranet-telecom/
Ultranet Telecom DC Centro;Ultranet Telecom;Av. Pres. Vargas, 3131;20210-030;https://www.datacentermap.com/brazil/rio-de-janeiro/dc-ultranet-telecom1/
DSI - PAE-A01;DSI Internet;R. Mostardeiro, 265 - Rio Branco;90430001;https://www.datacentermap.com/brazil/porto-alegre/dsi-pae-a01/
Edge Connection - CPS01;Edge Connection;Rua Angelo Sellin, 401;13098422;https://www.datacentermap.com/brazil/campinas/edge-connection--cps01/
Elea BSB1;Elea Data Centers;Scn Q 3;70297;https://www.datacentermap.com/brazil/brasilia/elea-digital-bsb1/
Elea BSB2;Elea Data Centers;Sig Q 2;70610;https://www.datacentermap.com/brazil/brasilia/elea-digital-bsb2/
Elea CTA1;Elea Data Centers;Tv. Teixeira de Freitas 73;80410;https://www.datacentermap.com/brazil/curitiba/elea-digital-cta1/
Elea POA1;Elea Data Centers;Rua Engenheiro Afonso Cavalcanti 100;90440;https://www.datacentermap.com/brazil/porto-alegre/elea-digital-poa1/
Elea POA2;Elea Data Centers;R. Voluntários da Pátria 1555;90030;https://www.datacentermap.com/brazil/porto-alegre/elea-digital-poa2/
Elea RJO1;Elea Data Centers;R. Vargem Grande 100;22775;https://www.datacentermap.com/brazil/rio-de-janeiro/elea-digital-rjo1/
Elea SPO1;Elea Data Centers;Av. Guido Caloi 1000;05802;https://www.datacentermap.com/brazil/sao-paulo/elea-digital-spo1/
Elea SPO2;Elea Data Centers;Av. Marginal Direita Anchieta, 1241;09891;https://www.datacentermap.com/brazil/sao-paulo/elea-digital-spo2/
Elea SPO3;Elea Data Centers;Al. Rio Negro, 530;06454;https://www.datacentermap.com/brazil/sao-paulo/elea-digital-spo3/
Engetronics Brasilia;ENGETRONICS INTERNET DATACENTER;Setor Hoteleiro Norte, Qd 2 Bl H;70702905;https://www.datacentermap.com/brazil/brasilia/engetronics-brasilia/
Equinix RJ1;Equinix;Rua Voluntarios da Patria, 360, Botafogo;22270-010;https://www.datacentermap.com/brazil/rio-de-janeiro/equinix-rj1/
Equinix RJ2;Equinix;Estrada Adhemar Bebiano, 1380, Del Castilho;21051-070;https://www.datacentermap.com/brazil/rio-de-janeiro/equinix-rj2/
Equinix RJ3;Equinix;Rua Maria Soares Sendas, 6-B/2;25575-825;https://www.datacentermap.com/brazil/rio-de-janeiro/equinix-rj3/
Equinix SP1;Equinix;Rua Doutor Miguel Couto, 58, Centro;01008-010;https://www.datacentermap.com/brazil/sao-paulo/equinix-sp1/
Equinix SP2;Equinix;Alameda Araguaia, 3641 Tamboré;06455-000;https://www.datacentermap.com/brazil/sao-paulo/equinix-sp2/
Equinix SP3;Equinix;Av. Marcos Penteado de Ulhôa Rodrigues, 249;06543-001;https://www.datacentermap.com/brazil/sao-paulo/equinix-sp3/
Equinix SP4;Equinix;Av. Ceci, 1900 - Res. Tambore, Tamboré;06460-120;https://www.datacentermap.com/brazil/sao-paulo/equinix-sp4/
Equinix SP5x;Equinix;Av. Marcos Penteado de Ulhôa Rodrigues, 888;06543-001;https://www.datacentermap.com/brazil/sao-paulo/equinix-sp5x/
Equinix SP6;Equinix;Av. Marcos Penteado de Ulhoa Rodrigues, 1413;06544;https://www.datacentermap.com/brazil/sao-paulo/equinix-sp6/
Everest Digital Data Center;Everest Digital;Av. Fued José Sebba, 700 - Térreo 2 - Jardim Goiás;74805-100;https://www.datacentermap.com/brazil/goiania/everest-digital-data-center/
EVO-CTA-01;Grupo EVO;105 R. Álvaro Maravalhas;81270750;https://www.datacentermap.com/brazil/curitiba/evo-cta-01/
FERENZ NETWORKS SERVIÇOS DE INTERNET LTDA;Ferenz Networks;Rua Governador Irineu Bornhausen, 473, Bairro Germânico;89825000;https://www.datacentermap.com/brazil/xaxim/ferenz-networks/
Cirion RIO1;Cirion;Av. Pedro II, 329;20910;https://www.datacentermap.com/brazil/rio-de-janeiro/gblx-rio/
GetTI Data Center;GetCard Provedora de Transações Eletrônicas;Av. Advogado Horacio Racanello Filho, 5570;87020-035;https://www.datacentermap.com/brazil/maringa/getcard-data-center/
GOX DATA CENTER LTDA;GOX DATA CENTER LTDA;Rua Zezé Lima, 212;35680045;https://www.datacentermap.com/brazil/itauna/gox-dc/
Vivo Curitiba Data Center;Vivo;Rua Francisco Nunes, 1395;80215-000;https://www.datacentermap.com/brazil/curitiba/gvt-curitiba/
Vivo Rio de Janeiro Data Center;Vivo;Rua Sara, 36;20220-090;https://www.datacentermap.com/brazil/rio-de-janeiro/gvt-rio-de-janeiro/
Vivo São Paulo - Guarulhos Data Center;Vivo;Rua Doutor Timóteo Penteado, 976;07094-000;https://www.datacentermap.com/brazil/sao-paulo/gvt-sao-paulo/
Hasest SIA;Hasest;SIA Trecho 05, Lotes 05/35;71205-050;https://www.datacentermap.com/brazil/brasilia/hasest-sia/
HEXAM2;HEXAM2;Rua Ceara, 356;20270-160;https://www.datacentermap.com/brazil/rio-de-janeiro/hexam2/
HostDime Brazil (João Pessoa);HostDime Global Corp;Av São Paulo, 1223;58020500;https://www.datacentermap.com/brazil/joao-pessoa/hostdime-brazil/
HostDime Brazil (São Paulo);HostDime Global Corp;Av. Eid Mansur, 666 - Parque Sao George;06708-070;https://www.datacentermap.com/brazil/sao-paulo/hostdime-so-paulo/
Hostweb Fortaleza;Hostweb;R. Vitóriano Borges, 455;60741-370;https://www.datacentermap.com/brazil/fortaleza/hostweb-fortaleza/
Hostzone CGE1;Hostzone;R. Paulo de Frontin, 75 - Centro;58400-310;https://www.datacentermap.com/brazil/campina-grande/hostzone-cge1/
HOTlink Internet Data Center;hotlink internet ltda;Rua Manoel Bezerra, 165;50610250;https://www.datacentermap.com/brazil/recife/hotlink-internet/
Hunti CTA1;Hunti Data;Av. Republica Argentina, 1505;80620010;https://www.datacentermap.com/brazil/curitiba/hunti-cta1/
IDC Centro;Reitec Fibra;SRTVS 701 Bloco O 2 andar;70340000;https://www.datacentermap.com/brazil/brasilia/idc-centro/
IDX Data Centers & IT Services;IDX Data Centers & IT Services;Q. 103 Sul Rua SO 5, 274 - Plano Diretor Sul; 77015;https://www.datacentermap.com/brazil/palmas/idx-data-centers-it-services/
IPXON Fortaleza;IPXON Networks;R. Quatorze, 1161 - Fortaleza;61919-120;https://www.datacentermap.com/brazil/fortaleza/ipxon-fortaleza/
IPXON Rio de Janeiro;IPXON Networks;Av. Cel. Phidias Távora, 513 - Pavuna;21535-510;https://www.datacentermap.com/brazil/rio-de-janeiro/ipxon-rio-de-janeiro/
IPXON Sao Paulo;IPXON Networks;Avenida Roberto Pinto Sobrinho, 350;06276-125;https://www.datacentermap.com/brazil/sao-paulo/ipxon-sao-paulo/
KingHost Data Center;KingHost;Av. Cristóvão Colombo, 2360;90560-002;https://www.datacentermap.com/brazil/porto-alegre/kinghost/
Kyndryl Hortolandia;Kyndryl;Rodovia Jornalista Francisco Aguirre Proença, Km 09 - S/N;13186-900;https://www.datacentermap.com/brazil/sao-paulo/kyndryl-dc-hortolandia/
Local DC Campinas;Local DC;TBA - To Be Announced;13098-396;https://www.datacentermap.com/brazil/campinas/local-dc-campinas/
Lumen Fortaleza;Lumen;Av. Dioguinho, 2950;60182-001;https://www.datacentermap.com/brazil/fortaleza/lumen-fortaleza/
Cirion SAO1;Cirion;Av. Eid Mansur, 666;06708-070;https://www.datacentermap.com/brazil/sao-paulo/lumen-parque-sao-georgia/
Maila Networks DC1;Maila Networks;R. Baronesa do Gravataí 738;90160070;https://www.datacentermap.com/brazil/porto-alegre/maila-networks-dc1/
Maila Networks - DC2 ;Maila Networks;R. Gomes de Freitas;91380000;https://www.datacentermap.com/brazil/porto-alegre/maila-networks-dc2/
Master da Web;Master da Web;Rua Pirapetinga 196;30220150;https://www.datacentermap.com/brazil/belo-horizonte/master-da-web/
SBA Edge Sao Paulo;SBA Edge;Rua Jose Abrantes, 186;04756-010;https://www.datacentermap.com/brazil/sao-paulo/matrix/
Latitude.sh SAO;Latitude.sh;Rua Dr. Eduardo Martinelli, 100;04013050;https://www.datacentermap.com/brazil/sao-paulo/maxihost/
Microsoft Sao Paulo;Microsoft;Rua Santa Teresa, 64;01016-020;https://www.datacentermap.com/brazil/sao-paulo/microsoft-sao-paulo/
MiniDC MCR1;MiniDC by tryideas;R. Santa Catarina, 311 - Centro;85960-000;https://www.datacentermap.com/brazil/sao-paulo/minidc-mcr1/
NextStream Tamboré;NextStream;Av. Marcos Penteado de Ulhôa Rodrigues;06543-001;https://www.datacentermap.com/brazil/sao-paulo/nabiax-tambore/
NextStream Curitiba;NextStream;Rua Senador Accioly Filho, 2200 ;81350-200;https://www.datacentermap.com/brazil/curitiba/nextstream-curitiba/
NICNET - Cravinhos - Data Center;Nicnet Telecom Ltda;Rua Cesário Motta 231;14140000;https://www.datacentermap.com/brazil/cravinhos/nicnet-cravinhos-data-center/
NUV Datacenter - NUV1;NUV Datacenter;Rua Fioravanet Cassini, 28;29160-855;https://www.datacentermap.com/brazil/vitoria/nuv-datacenter-nuv1/
NUV Datacenter - NUV2;NUV Datacenter;R. Prof. Almeida Cousin, 125;29050-565;https://www.datacentermap.com/brazil/vitoria/nuv-datacenter-nuv2/
NWI Datacenter Brasília SIG;NWI;SIG Quadra 1 Lote 725;70610-410;https://www.datacentermap.com/brazil/brasilia/nwi-brasilia/
ODATA SP02 DC1;ODATA, an Aligned Data Centers Company;R. José Blumer, 150;13186-510;https://www.datacentermap.com/brazil/sao-paulo/odata-sp02-dc1/
ODATA SP02 DC2;ODATA, an Aligned Data Centers Company;R. José Blumer, 150;13186-510;https://www.datacentermap.com/brazil/sao-paulo/odata-sp02-dc2/
ODATA SP04;ODATA, an Aligned Data Centers Company;R. Herman, 02 - Industrial Anhangüera;06276-030;https://www.datacentermap.com/brazil/sao-paulo/odata-sp04/
Piauí Link Data Center;ETIPI - PI;Av. Pedro Freitas, 1570;64019-368;https://www.datacentermap.com/brazil/teresina/piau-link-data-center/
PIX G8 Aracaju;Megatelecom;Rua Pacatuba, 254;49010-150;https://www.datacentermap.com/brazil/aracaju/pix-g8-aracaju/
PIX G8 Brasilia;Megatelecom;Setor Comercial Norte Q 6 Id;70655-775;https://www.datacentermap.com/brazil/brasilia/pix-g8-brasilia/
PIX G8 Goiania;Megatelecom;Avenida T-63, 3182;74250-320;https://www.datacentermap.com/brazil/goiania/pix-g8-goiania/
PIX G8 Manaus;Megatelecom;Corporate Trade, Rodovia Alvaro Maia, 2357;69025-310;https://www.datacentermap.com/brazil/manaus/pix-g8-manaus/
PIX G8 Sao Paulo;Megatelecom;Rua Florida, 1738;04565-001;https://www.datacentermap.com/brazil/sao-paulo/pix-g8-sao-paulo/
ProveNET IDC;ProveNET Internet Services LTDA;Rua Isaías Domingos da Silveira, 215;60177-180;https://www.datacentermap.com/brazil/fortaleza/provenet-idc/
QNAX Data Center;QNAX Data Center;Av. Nossa Senhora do Ó, 865 - Limão;02715-000;https://www.datacentermap.com/brazil/sao-paulo/qnax-data-center/
Quântico Data Center;Quântico Data Center;R. Eng. Homero Carlos Simon, 1100 - Guajuviras;92442000;https://www.datacentermap.com/brazil/porto-alegre/quantico-canoas/
Ascenty - Hortolandia HTL1;Ascenty Data Centers;R. Papa João Paulo II 4;13185-252;https://www.datacentermap.com/brazil/campinas/r-papa-joao-paulo-ii-4/
Ascenty - Paulinia PLN1;Ascenty Data Centers;R. Sebastião Cardoso 350;13140-000;https://www.datacentermap.com/brazil/campinas/r-sebastião-cardoso/
R4 Data Center;R4 Data Center;Avenida Duque de Caxias, 882 - Novo Centro;87020-025;https://www.datacentermap.com/brazil/maringa/r4-data-center/
R4C Datacenter;R4C;Av. Das Americas 500;22640100;https://www.datacentermap.com/brazil/rio-de-janeiro/r4c-networks/
RGK4IT Data Center;RGK4IT;Av. José Alves Nendo, 467 - Jardim São Silvestre;87055-000;https://www.datacentermap.com/brazil/maringa/rgk4it-data-center/
Ascenty - Sumare SUM1;Ascenty Data Centers;Rodovia Anhanguera s/n, Parque das Industrias (Nova Veneza);13177-435;https://www.datacentermap.com/brazil/campinas/rodovia-anhanguera-bldg-1/
Ascenty - Sumare SUM2;Ascenty Data Centers;Rodovia Anhanguera s/n, Parque das Industrias (Nova Veneza);13177-435;https://www.datacentermap.com/brazil/campinas/rodovia-anhanguera-bldg-2/
Insidesign Ribeirao Data Center;Insidesign Tecnologia Ltda EPP;Av. Saudade, 1210 - Campos Elísios;14085-010;https://www.datacentermap.com/brazil/sao-paulo/rpodc/
Ascenty - Hortolandia HTL2;Ascenty Data Centers;Rua Papa João Paulo II, 4;13185-252;https://www.datacentermap.com/brazil/campinas/rua-papa-joao-paulo-ii-4-building-2/
Ascenty - Hortolandia HTL3;Ascenty Data Centers;Rua Papa João Paulo II, 4;13185-252;https://www.datacentermap.com/brazil/campinas/rua-papa-joao-paulo-ii-4-building-3/
Ascenty - Fortaleza FTZ1;Ascenty Data Centers;Rua Quatorze, 1161;61921-430;https://www.datacentermap.com/brazil/fortaleza/rua-quatorze-1161/
Scala Data Centers SGRUTB06;Scala Data Centers;Av. Ceci;06460-120;https://www.datacentermap.com/brazil/tambore/scala-data-centers-sgrutb06/
Scala Data Centers SGRUTB08;Scala Data Centers;Av. Ceci, 1649;06460-120;https://www.datacentermap.com/brazil/tambore/scala-data-centers-sgrutb08/
Scala Data Centers SGRUTB12;Scala Data Centers;Av. Ceci;06460-120;https://www.datacentermap.com/brazil/tambore/scala-data-centers-sgrutb12/
Scala Data Centers SGIGSM01;Scala Data Centers;Rod. Pres. Dutra 4300;25565;https://www.datacentermap.com/brazil/rio-de-janeiro/scala-sgigsm01/
Scala Data Centers SGRUSP02;Scala Data Centers;Alameda Glete 700;01215;https://www.datacentermap.com/brazil/sao-paulo/scala-sgrusp02/
Scala Data Centers SGRUTB01;Scala Data Centers;Av. Ceci 1850;06460;https://www.datacentermap.com/brazil/tambore/scala-sgrutb01/
Scala Data Centers SGRUTB03;Scala Data Centers;Av. Ceci 1750;04065;https://www.datacentermap.com/brazil/tambore/scala-sgrutb03/
Scala Data Centers SGRUTB04;Scala Data Centers;Av. Ceci 1650;06460;https://www.datacentermap.com/brazil/tambore/scala-sgrutb04/
Scala Data Centers SGRUTB05;Scala Data Centers;Av. Ceci 1600;06460;https://www.datacentermap.com/brazil/tambore/scala-sgrutb05/
Scala Data Centers SPOAPA01;Scala Data Centers;Av. Pernambuco 1124 ;90240;https://www.datacentermap.com/brazil/porto-alegre/scala-spoapa01/
Scala Data Centers SVCPCP01;Scala Data Centers;R. Guido de Camargo Penteado Sobrinho 3685;13082;https://www.datacentermap.com/brazil/campinas/scala-svcpcp01/
Sencinet Hortolândia;Sencinet;Rodovia Jornalista Francisco Aguirre Proença, KM 9;13186-904;https://www.datacentermap.com/brazil/campinas/sencinet-brazil/
Serpro Modular Data Center;Serpro;R. Olívia Guedes Penteado, 941 - Socorro;04766-900;https://www.datacentermap.com/brazil/sao-paulo/serpro-so-paulo/
Sitelbra Data Center;Sitelbra;SOFN Quadra 1, Conjunto C, Lote 9-12;70634130;https://www.datacentermap.com/brazil/brasilia/sitelbra-data-center/
IFTNET SJRP01;IFTNET Telecom;Av Bady Bassit 2966;15025000;https://www.datacentermap.com/brazil/sao-jose-do-rio-preto/sjrp01/
SKY Brasil - Jaguariúna;SKY Brasil;Rod. SP-340 Km133,10;13820-000;https://www.datacentermap.com/brazil/campinas/sky-brasil-jaguarina/
SKY Brasil - Tamboré;SKY Brasil;Av. Marcos Penteado de Ulhôa Rodrigues, 1000;06543-900;https://www.datacentermap.com/brazil/tambore/sky-brasil-tambore/
Surfix Data Center;Surfix Cloud & Data Center;Av. Domingos Ferreira, 2010;51111-020;https://www.datacentermap.com/brazil/recife/surfix-data-center/
TAKODA Sao Paulo - SP1;TAKODA;R. Bento Branco de Andrade Filho, 621 - Jardim Dom Bosco;04757-000;https://www.datacentermap.com/brazil/sao-paulo/takdoa-sao-paulo-sp1/
TAKODA Sao Paulo - SP2;TAKODA;Av. Maria Coelho Aguiar, 215 - Jardim Sao Luis;05805-000;https://www.datacentermap.com/brazil/sao-paulo/takdoa-sao-paulo-sp2/
TAKODA Rio de Janeiro - RJ1;TAKODA;Estrada dos Bandeirantes, 10916;22783-111;https://www.datacentermap.com/brazil/rio-de-janeiro/takoda-rio-de-janeiro-rj1/
Teccloud Campo Bom;Teccloud Stefanini;Av. dos Municípios, 5510 - Vila Santa Lucia;93544-750;https://www.datacentermap.com/brazil/porto-alegre/teccloud-campo-bom/
Teccloud Porto Alegre;Teccloud Stefanini;Rua 18 de Novembro, 273/502 - Navegantes;90240-040;https://www.datacentermap.com/brazil/porto-alegre/teccloud-porto-alegre/
TELEPORTO RJ;Unknown Company;Av. Pres. Vargas, 3131 - Centro;20210-030;https://www.datacentermap.com/brazil/rio-de-janeiro/teleporto-rj/
Telium Data Center - POA;Telium Networks;Av. Independência, 1299;90035073;https://www.datacentermap.com/brazil/porto-alegre/telium-data-center--poa/
Telium Data Center - SPO;Telium Networks;Av. das Nações Unidas, 13797;04794000;https://www.datacentermap.com/brazil/sao-paulo/telium-data-center--spo/
TIP Brasil Campinas;TIP Brasil;R. Miguel Pascoal, 104 - Jardim do Trevo;13041-312;https://www.datacentermap.com/brazil/campinas/tip-brasil-campinas/
TO HOST Data Centers;TO HOST Data Centers;Quadra ACSV SO 43, Av. LO 09, Lote 10, Sl 01;77015684;https://www.datacentermap.com/brazil/palmas/to-host-data-centers/
Tyna Host Data Center;Tyna Host Datacenter no Brasil;R. Waldemar Vaz Pereira, 45;36889-186;https://www.datacentermap.com/brazil/muriae/tyna-host-data-center/
Ultranet Telecom DC Cambuci;Ultranet Telecom;Rua Simao Dias da Fonseca, 61;01539-020;https://www.datacentermap.com/brazil/sao-paulo/ultranet-telecom/
Unifique Timbó DC1;Unifique;R. Duque de Caxias, 831 - Centro;89120-000;https://www.datacentermap.com/brazil/blumenau/unifique-timb-dc1/
UPX Campinas Data Center;UPX Technologies;Rua Guapuruvu, 200 - Lot. Alphaville;13098-322;https://www.datacentermap.com/brazil/campinas/upx-campinas/
VSP Solution Belo Horizonte;VSP Solution;Av. Raja Gabáglia, 3348 - Estoril;30494310;https://www.datacentermap.com/brazil/belo-horizonte/valspe/
VISÃO DATACENTER LTDA ;VISÃO DATACENTER LTDA ;Av Giacomo Lunardi ;89825000;https://www.datacentermap.com/brazil/xaxim/viso-datacenter/
Vivo Tamboré 1 Data Center;Vivo;Av. Marcos Penteado de Ulhôa Rodrigues, 1690;06543-001;https://www.datacentermap.com/brazil/sao-paulo/vivo-tambore-1-data-center/
Vix DataCenter;ConectJá Telecomunicações;R. Sérgio Cardoso, 75 - Dom Bosco;29147-350;https://www.datacentermap.com/brazil/vitoria/vix-datacenter/
Tecto Big Lobster;Tecto Data Centers;R. Raimundo Esteves, 333 - Antonio Diogo;60182-330;https://www.datacentermap.com/brazil/fortaleza/vtal-big-lobster/
Tecto Mega Lobster;Tecto Data Centers;Av. Dioguinho & R. Francisco Montenegro;60183-713;https://www.datacentermap.com/brazil/fortaleza/vtal-mega-lobster/
NETWISE EMPRESAS;NETWISE EMPRESAS;Rua Edson Rezende, 206;35592094;https://www.datacentermap.com/brazil/lagoa-da-prata/wise-data/
