name_datacenter,ano,ano_operacional_referencia,Construção,Grama,Solo exposto,Vegetação densa,fase
ASAP SP1,2016,2022,95.04,4.96,0.0,0.0,Fim de obra
ASAP SP1,2017,2022,94.21,5.79,0.0,0.0,Pós-obra
ASAP SP1,2018,2022,92.56,5.79,0.0,1.65,Pós-obra
ASAP SP1,2019,2022,90.08,9.92,0.0,0.0,Pós-obra
ASAP SP1,2020,2022,93.39,6.61,0.0,0.0,Pós-obra
ASAP SP1,2021,2022,90.08,9.92,0.0,0.0,Pós-obra
ASAP SP1,2022,2022,89.26,10.74,0.0,0.0,Pós-obra
ASAP SP1,2023,2022,85.95,14.05,0.0,0.0,Pós-obra
ASAP SP1,2024,2022,91.74,8.26,0.0,0.0,Pós-obra
ASAP SP1,2025,2022,70.25,29.75,0.0,0.0,Pós-obra
ASAP SP1,2026,2022,63.72,35.4,0.88,0.0,Pós-obra
Ascenty - Hortolandia HTL5,2016,2023,25.76,74.24,0.0,0.0,Pré-obra
Ascenty - Hortolandia HTL5,2017,2023,21.97,78.03,0.0,0.0,Pré-obra
Ascenty - Hortolandia HTL5,2018,2023,31.06,68.94,0.0,0.0,Pré-obra
Ascenty - Hortolandia HTL5,2019,2023,28.03,71.97,0.0,0.0,Pré-obra
Ascenty - Hortolandia HTL5,2020,2023,26.52,73.48,0.0,0.0,Pré-obra
Ascenty - Hortolandia HTL5,2021,2023,82.58,4.55,12.88,0.0,Durante obra
Ascenty - Hortolandia HTL5,2022,2023,90.91,6.06,3.03,0.0,Fim de obra
Ascenty - Hortolandia HTL5,2023,2023,92.37,6.11,1.53,0.0,Pós-obra
Ascenty - Hortolandia HTL5,2024,2023,94.7,5.3,0.0,0.0,Pós-obra
Ascenty - Hortolandia HTL5,2025,2023,93.18,5.3,1.52,0.0,Pós-obra
Ascenty - Hortolandia HTL5,2026,2023,88.64,11.36,0.0,0.0,Pós-obra
Ascenty - Jundiai JDI2,2016,2020,40.15,46.21,0.0,13.64,Pré-obra
Ascenty - Jundiai JDI2,2017,2020,43.18,41.67,0.0,15.15,Pré-obra
Ascenty - Jundiai JDI2,2018,2020,50.76,28.03,0.76,20.45,Indefinido
Ascenty - Jundiai JDI2,2019,2020,57.58,19.7,0.0,22.73,Fim de obra
Ascenty - Jundiai JDI2,2020,2020,55.3,21.97,0.0,22.73,Pós-obra
Ascenty - Jundiai JDI2,2021,2020,58.33,25.0,0.0,16.67,Pós-obra
Ascenty - Jundiai JDI2,2022,2020,56.82,22.73,0.0,20.45,Pós-obra
Ascenty - Jundiai JDI2,2023,2020,52.27,25.76,0.0,21.97,Pós-obra
Ascenty - Jundiai JDI2,2024,2020,52.27,24.24,0.0,23.48,Pós-obra
Ascenty - Jundiai JDI2,2025,2020,35.61,47.73,0.0,16.67,Pós-obra
Ascenty - Jundiai JDI2,2026,2020,37.88,51.52,0.0,10.61,Pós-obra
Ascenty - Paulinia PLN1,2016,2019,34.85,63.64,0.76,0.76,Pré-obra
Ascenty - Paulinia PLN1,2017,2019,40.15,57.58,1.52,0.76,Pré-obra
Ascenty - Paulinia PLN1,2018,2019,59.09,37.88,1.52,1.52,Fim de obra
Ascenty - Paulinia PLN1,2019,2019,56.82,42.42,0.0,0.76,Pós-obra
Ascenty - Paulinia PLN1,2020,2019,53.79,44.7,0.76,0.76,Pós-obra
Ascenty - Paulinia PLN1,2021,2019,58.33,40.91,0.0,0.76,Pós-obra
Ascenty - Paulinia PLN1,2022,2019,54.55,45.45,0.0,0.0,Pós-obra
Ascenty - Paulinia PLN1,2023,2019,45.45,54.55,0.0,0.0,Pós-obra
Ascenty - Paulinia PLN1,2024,2019,58.33,36.36,0.76,4.55,Pós-obra
Ascenty - Paulinia PLN1,2025,2019,46.97,46.97,2.27,3.79,Pós-obra
Ascenty - Paulinia PLN1,2026,2019,44.7,53.79,0.0,1.52,Pós-obra
Equinix SP5x,2016,2022,56.82,36.36,1.52,5.3,Fim de obra
Equinix SP5x,2017,2022,61.36,34.85,0.76,3.03,Pós-obra
Equinix SP5x,2018,2022,62.88,33.33,0.0,3.79,Pós-obra
Equinix SP5x,2019,2022,54.55,39.39,0.76,5.3,Pós-obra
Equinix SP5x,2020,2022,59.85,34.85,2.27,3.03,Pós-obra
Equinix SP5x,2021,2022,63.64,32.58,2.27,1.52,Pós-obra
Equinix SP5x,2022,2022,52.27,41.67,0.0,6.06,Pós-obra
Equinix SP5x,2023,2022,54.55,43.18,0.0,2.27,Pós-obra
Equinix SP5x,2024,2022,56.06,43.18,0.0,0.76,Pós-obra
Equinix SP5x,2025,2022,38.46,56.15,0.0,5.38,Pós-obra
Equinix SP5x,2026,2022,38.64,57.58,0.0,3.79,Pós-obra
ODATA RJ01,2016,2025,93.94,6.06,0.0,0.0,Fim de obra
ODATA RJ01,2017,2025,90.15,9.85,0.0,0.0,Pós-obra
ODATA RJ01,2018,2025,89.39,10.61,0.0,0.0,Pós-obra
ODATA RJ01,2019,2025,92.42,7.58,0.0,0.0,Pós-obra
ODATA RJ01,2020,2025,87.88,12.12,0.0,0.0,Pós-obra
ODATA RJ01,2021,2025,90.91,9.09,0.0,0.0,Pós-obra
ODATA RJ01,2022,2025,94.7,5.3,0.0,0.0,Pós-obra
ODATA RJ01,2023,2025,96.97,2.27,0.76,0.0,Pós-obra
ODATA RJ01,2024,2025,96.97,0.0,3.03,0.0,Pós-obra
ODATA RJ01,2025,2025,94.7,5.3,0.0,0.0,Pós-obra
ODATA RJ01,2026,2025,96.21,3.79,0.0,0.0,Pós-obra
ODATA SP02 DC1,2016,2020,46.53,43.06,8.33,2.08,Indefinido
ODATA SP02 DC1,2017,2020,47.92,41.67,10.42,0.0,Durante obra
ODATA SP02 DC1,2018,2020,46.53,42.36,11.11,0.0,Durante obra
ODATA SP02 DC1,2019,2020,36.81,39.58,22.92,0.69,Durante obra
ODATA SP02 DC1,2020,2020,50.0,36.81,12.5,0.69,Durante obra
ODATA SP02 DC1,2021,2020,56.25,28.47,15.28,0.0,Fim de obra
ODATA SP02 DC1,2022,2020,52.08,34.72,12.5,0.69,Pós-obra
ODATA SP02 DC1,2023,2020,52.78,33.33,13.19,0.69,Pós-obra
ODATA SP02 DC1,2024,2020,75.0,9.72,15.28,0.0,Pós-obra
ODATA SP02 DC1,2025,2020,74.31,17.36,8.33,0.0,Pós-obra
ODATA SP02 DC1,2026,2020,62.5,33.33,4.17,0.0,Pós-obra
Quântico Data Center,2016,2021,16.78,10.49,42.66,30.07,Durante obra
Quântico Data Center,2017,2021,23.78,19.58,40.56,16.08,Durante obra
Quântico Data Center,2018,2021,67.14,16.43,8.57,7.86,Fim de obra
Quântico Data Center,2019,2021,74.47,9.93,5.67,9.93,Pós-obra
Quântico Data Center,2020,2021,68.35,12.95,7.91,10.79,Pós-obra
Quântico Data Center,2021,2021,65.73,18.18,6.99,9.09,Pós-obra
Quântico Data Center,2022,2021,65.96,24.82,3.55,5.67,Pós-obra
Quântico Data Center,2023,2021,65.73,30.07,0.0,4.2,Pós-obra
Quântico Data Center,2024,2021,54.55,38.46,1.4,5.59,Pós-obra
Quântico Data Center,2025,2021,25.87,71.33,1.4,1.4,Pós-obra
Quântico Data Center,2026,2021,13.99,86.01,0.0,0.0,Pós-obra
TO HOST Data Centers,2016,2023,89.26,9.92,0.83,0.0,Fim de obra
TO HOST Data Centers,2017,2023,91.74,7.44,0.83,0.0,Pós-obra
TO HOST Data Centers,2018,2023,91.74,8.26,0.0,0.0,Pós-obra
TO HOST Data Centers,2019,2023,94.21,5.79,0.0,0.0,Pós-obra
TO HOST Data Centers,2020,2023,93.39,6.61,0.0,0.0,Pós-obra
TO HOST Data Centers,2021,2023,95.04,4.96,0.0,0.0,Pós-obra
TO HOST Data Centers,2022,2023,95.87,4.13,0.0,0.0,Pós-obra
TO HOST Data Centers,2023,2023,92.56,7.44,0.0,0.0,Pós-obra
TO HOST Data Centers,2024,2023,95.04,4.96,0.0,0.0,Pós-obra
TO HOST Data Centers,2025,2023,90.08,9.92,0.0,0.0,Pós-obra
TO HOST Data Centers,2026,2023,91.74,8.26,0.0,0.0,Pós-obra
